질병코드 및 질환,성별,발생자수,1세이하,1~9세,10~19세,20~29세,30~39세,40~49세,50~59세,60~69세,70~79세,80세 이상,질환코드,질병명,질환알파벳코드,분류기호,분류명,질환분류,질병분류코드 및 질환별(1)
계,계,43079.0,466.0,799.0,2272.0,4196.0,4344.0,5345.0,7072.0,8618.0,6602.0,3365.0,계,,계,,,,
D61.3 특발성 무형성빈혈,계,406.0,1.0,14.0,30.0,46.0,36.0,51.0,65.0,74.0,65.0,24.0,D61.3,특발성 무형성빈혈,D,D,혈액조혈기관,,희귀질환
D61.9 저형성빈혈 NOS,계,223.0,0.0,13.0,18.0,18.0,29.0,27.0,31.0,42.0,26.0,19.0,D61.9,저형성빈혈 NOS,D,D,혈액조혈기관,,희귀질환
D61.9 저형성빈혈 NOS,계,223.0,0.0,13.0,18.0,18.0,29.0,27.0,31.0,42.0,26.0,19.0,D61.9,저형성빈혈 NOS,D,D,혈액조혈기관,,희귀질환
D61.9 저형성빈혈 NOS,계,223.0,0.0,13.0,18.0,18.0,29.0,27.0,31.0,42.0,26.0,19.0,D61.9,저형성빈혈 NOS,D,D,혈액조혈기관,,희귀질환
D68.6 항인지질증후군,계,469.0,0.0,0.0,9.0,31.0,98.0,99.0,95.0,66.0,45.0,26.0,D68.6,항인지질증후군,D,D,혈액조혈기관,,희귀질환
D86.0 폐의 사르코이드증,계,319.0,0.0,0.0,0.0,25.0,50.0,52.0,78.0,75.0,32.0,7.0,D86.0,폐의 사르코이드증,D,D,혈액조혈기관,,희귀질환
E27.4 부신피질부전 NOS,계,618.0,0.0,2.0,4.0,7.0,13.0,36.0,65.0,142.0,212.0,137.0,E27.4,부신피질부전 NOS,E,E,내분비및영양,,희귀질환
E27.4 부신피질부전 NOS,계,618.0,0.0,2.0,4.0,7.0,13.0,36.0,65.0,142.0,212.0,137.0,E27.4,부신피질부전 NOS,E,E,내분비및영양,,희귀질환
E27.4 부신피질부전 NOS,계,618.0,0.0,2.0,4.0,7.0,13.0,36.0,65.0,142.0,212.0,137.0,E27.4,부신피질부전 NOS,E,E,내분비및영양,,희귀질환
E27.4 부신피질부전 NOS,계,618.0,0.0,2.0,4.0,7.0,13.0,36.0,65.0,142.0,212.0,137.0,E27.4,부신피질부전 NOS,E,E,내분비및영양,,희귀질환
F01.1 카다실,계,276.0,0.0,0.0,0.0,4.0,11.0,33.0,63.0,87.0,56.0,22.0,F01.1,카다실,F,F,정신및행동,,희귀질환
G11.2 만기발병 소뇌성 운동실조(발병은 보통 20세 이후),계,440.0,0.0,0.0,0.0,2.0,9.0,37.0,126.0,168.0,84.0,14.0,G11.2,만기발병 소뇌성 운동실조(발병은 보통 20세 이후),G,G,신경계통질환,,희귀질환
G11.9 상세불명의 유전성 운동실조,계,269.0,0.0,3.0,4.0,8.0,21.0,32.0,79.0,70.0,41.0,11.0,G11.9,상세불명의 유전성 운동실조,G,G,신경계통질환,,희귀질환
G11.9 상세불명의 유전성 운동실조,계,269.0,0.0,3.0,4.0,8.0,21.0,32.0,79.0,70.0,41.0,11.0,G11.9,상세불명의 유전성 운동실조,G,G,신경계통질환,,희귀질환
G11.9 상세불명의 유전성 운동실조,계,269.0,0.0,3.0,4.0,8.0,21.0,32.0,79.0,70.0,41.0,11.0,G11.9,상세불명의 유전성 운동실조,G,G,신경계통질환,,희귀질환
G11.9 상세불명의 유전성 운동실조,계,269.0,0.0,3.0,4.0,8.0,21.0,32.0,79.0,70.0,41.0,11.0,G11.9,상세불명의 유전성 운동실조,G,G,신경계통질환,,희귀질환
G11.9 상세불명의 유전성 운동실조,계,269.0,0.0,3.0,4.0,8.0,21.0,32.0,79.0,70.0,41.0,11.0,G11.9,상세불명의 유전성 운동실조,G,G,신경계통질환,,희귀질환
G11.9 상세불명의 유전성 운동실조,계,269.0,0.0,3.0,4.0,8.0,21.0,32.0,79.0,70.0,41.0,11.0,G11.9,상세불명의 유전성 운동실조,G,G,신경계통질환,,극희귀질환
"G12.2 운동신경세포병(단, 기타 및 상세불명의 운동신경세포병(G12.28)은 제외)",계,889.0,0.0,0.0,2.0,5.0,19.0,68.0,200.0,287.0,254.0,54.0,G12.2,"운동신경세포병(단, 기타 및 상세불명의 운동신경세포병(G12.28)은 제외)",G,G,신경계통질환,,희귀질환
G23.1 진행성 핵상안근마비 [스틸-리차드슨-올스제위스키],계,242.0,0.0,0.0,0.0,0.0,0.0,0.0,12.0,78.0,106.0,46.0,G23.1,진행성 핵상안근마비 [스틸-리차드슨-올스제위스키],G,G,신경계통질환,,희귀질환
G35 다발경화증,계,231.0,0.0,1.0,16.0,71.0,56.0,49.0,26.0,7.0,4.0,1.0,G35,다발경화증,G,G,신경계통질환,,
G36.0 시신경척수염[데빅병],계,291.0,0.0,2.0,2.0,30.0,34.0,70.0,69.0,57.0,22.0,5.0,G36.0,시신경척수염[데빅병],G,G,신경계통질환,,희귀질환
G41.9 상세불명의 뇌전증지속상태,계,1137.0,12.0,51.0,21.0,55.0,51.0,95.0,163.0,223.0,219.0,247.0,G41.9,상세불명의 뇌전증지속상태,G,G,신경계통질환,,희귀질환
G47.4 발작수면 및 허탈발작,계,637.0,0.0,0.0,129.0,278.0,110.0,78.0,23.0,11.0,7.0,1.0,G47.4,발작수면 및 허탈발작,G,G,신경계통질환,,희귀질환
G61.0 길랭-바레증후군,계,754.0,0.0,5.0,19.0,34.0,56.0,68.0,151.0,213.0,131.0,77.0,G61.0,길랭-바레증후군,G,G,신경계통질환,,희귀질환
G61.0 길랭-바레증후군,계,754.0,0.0,5.0,19.0,34.0,56.0,68.0,151.0,213.0,131.0,77.0,G61.0,길랭-바레증후군,G,G,신경계통질환,,희귀질환
G61.8 만성 염증성 탈수초성 다발신경병증,계,244.0,0.0,2.0,1.0,8.0,11.0,25.0,47.0,79.0,42.0,29.0,G61.8,만성 염증성 탈수초성 다발신경병증,G,G,신경계통질환,,희귀질환
G61.8 만성 염증성 탈수초성 다발신경병증,계,244.0,0.0,2.0,1.0,8.0,11.0,25.0,47.0,79.0,42.0,29.0,G61.8,만성 염증성 탈수초성 다발신경병증,G,G,신경계통질환,,희귀질환
G70.0 중증근무력증,계,936.0,0.0,5.0,31.0,58.0,86.0,166.0,204.0,207.0,122.0,57.0,G70.0,중증근무력증,G,G,신경계통질환,,희귀질환
G90.5 복합부위통증증후군 I형,계,473.0,0.0,0.0,7.0,42.0,37.0,74.0,119.0,110.0,54.0,30.0,G90.5,복합부위통증증후군 I형,G,G,신경계통질환,,희귀질환
G95.0 척수공동증 및 연수공동증,계,348.0,22.0,22.0,16.0,59.0,66.0,61.0,47.0,39.0,9.0,7.0,G95.0,척수공동증 및 연수공동증,G,G,신경계통질환,,희귀질환
H18.6 원추각막,계,1495.0,0.0,1.0,66.0,455.0,548.0,287.0,92.0,35.0,10.0,1.0,H18.6,원추각막,H,H,눈및부속기관,,희귀질환
H35.51 색소망막염,계,1098.0,0.0,18.0,53.0,80.0,114.0,175.0,245.0,228.0,144.0,41.0,H35.51,색소망막염,H,H,눈및부속기관,,희귀질환
I27.0 원발성 폐동맥고혈압,계,238.0,1.0,11.0,10.0,13.0,22.0,27.0,50.0,37.0,44.0,23.0,I27.0,원발성 폐동맥고혈압,I,I,순환기계통,,희귀질환
I42.0 비가역적 확장성 심근병증,계,3092.0,7.0,9.0,13.0,52.0,203.0,376.0,622.0,700.0,707.0,403.0,I42.0,비가역적 확장성 심근병증,I,I,순환기계통,,희귀질환
I42.1 폐색성 비대성 심근병증,계,466.0,1.0,0.0,4.0,18.0,20.0,48.0,101.0,125.0,108.0,41.0,I42.1,폐색성 비대성 심근병증,I,I,순환기계통,,희귀질환
I42.1 폐색성 비대성 심근병증,계,466.0,1.0,0.0,4.0,18.0,20.0,48.0,101.0,125.0,108.0,41.0,I42.1,폐색성 비대성 심근병증,I,I,순환기계통,,희귀질환
I42.20 비폐색성 비대성 심근병증,계,1656.0,2.0,5.0,10.0,27.0,65.0,159.0,329.0,528.0,350.0,181.0,I42.20,비폐색성 비대성 심근병증,I,I,순환기계통,,희귀질환
I67.5 모야모야병,계,2169.0,0.0,72.0,101.0,185.0,331.0,495.0,509.0,342.0,113.0,21.0,I67.5,모야모야병,I,I,순환기계통,,희귀질환
I73.1 폐색혈전혈관염[버거병],계,283.0,0.0,0.0,0.0,7.0,18.0,58.0,81.0,61.0,40.0,18.0,I73.1,폐색혈전혈관염[버거병],I,I,순환기계통,,희귀질환
J84.1 특발성 폐섬유증,계,4450.0,0.0,0.0,1.0,1.0,2.0,37.0,254.0,1317.0,1840.0,998.0,J84.1,특발성 폐섬유증,J,J,호흡기계통,,희귀질환
K50.0 소장의 크론병,계,1211.0,0.0,9.0,185.0,370.0,250.0,148.0,88.0,94.0,57.0,10.0,K50.0,소장의 크론병,K,K,소화기계통,,희귀질환
K50.1 대장의 크론병,계,871.0,0.0,16.0,235.0,292.0,118.0,92.0,54.0,35.0,18.0,11.0,K50.1,대장의 크론병,K,K,소화기계통,,희귀질환
K50.8 소장 및 대장 모두의 크론병,계,2347.0,0.0,54.0,663.0,855.0,407.0,202.0,103.0,43.0,18.0,2.0,K50.8,소장 및 대장 모두의 크론병,K,K,소화기계통,,희귀질환
K74.3 원발성 담즙성 경변증,계,676.0,0.0,0.0,0.0,4.0,30.0,91.0,199.0,204.0,113.0,35.0,K74.3,원발성 담즙성 경변증,K,K,소화기계통,,희귀질환
K75.4 자가면역성 간염,계,1000.0,0.0,1.0,3.0,20.0,55.0,116.0,251.0,299.0,202.0,53.0,K75.4,자가면역성 간염,K,K,소화기계통,,희귀질환
L12.0 수포성 유사천포창,계,682.0,0.0,0.0,0.0,1.0,8.0,11.0,32.0,84.0,174.0,372.0,L12.0,수포성 유사천포창,L,L,피부및조직,,희귀질환
M06.1 성인발병 스틸병,계,233.0,0.0,0.0,4.0,33.0,37.0,48.0,48.0,36.0,22.0,5.0,M06.1,성인발병 스틸병,M,M,근육골격계통,,희귀질환
M08.0 연소성 류마티스관절염,계,242.0,0.0,61.0,145.0,7.0,4.0,7.0,4.0,9.0,3.0,2.0,M08.0,연소성 류마티스관절염,M,M,근육골격계통,,희귀질환
M08.0 연소성 류마티스관절염,계,242.0,0.0,61.0,145.0,7.0,4.0,7.0,4.0,9.0,3.0,2.0,M08.0,연소성 류마티스관절염,M,M,근육골격계통,,희귀질환
M32.1 기관 또는 계통 침범을 동반한 전신홍반루푸스,계,2967.0,0.0,7.0,128.0,449.0,563.0,625.0,542.0,423.0,182.0,48.0,M32.1,기관 또는 계통 침범을 동반한 전신홍반루푸스,M,M,근육골격계통,,희귀질환
M32.1 기관 또는 계통 침범을 동반한 전신홍반루푸스,계,2967.0,0.0,7.0,128.0,449.0,563.0,625.0,542.0,423.0,182.0,48.0,M32.1,기관 또는 계통 침범을 동반한 전신홍반루푸스,M,M,근육골격계통,,희귀질환
M32.1 기관 또는 계통 침범을 동반한 전신홍반루푸스,계,2967.0,0.0,7.0,128.0,449.0,563.0,625.0,542.0,423.0,182.0,48.0,M32.1,기관 또는 계통 침범을 동반한 전신홍반루푸스,M,M,근육골격계통,,희귀질환
M32.1 기관 또는 계통 침범을 동반한 전신홍반루푸스,계,2967.0,0.0,7.0,128.0,449.0,563.0,625.0,542.0,423.0,182.0,48.0,M32.1,기관 또는 계통 침범을 동반한 전신홍반루푸스,M,M,근육골격계통,,희귀질환
M32.1 기관 또는 계통 침범을 동반한 전신홍반루푸스,계,2967.0,0.0,7.0,128.0,449.0,563.0,625.0,542.0,423.0,182.0,48.0,M32.1,기관 또는 계통 침범을 동반한 전신홍반루푸스,M,M,근육골격계통,,희귀질환
M32.1 기관 또는 계통 침범을 동반한 전신홍반루푸스,계,2967.0,0.0,7.0,128.0,449.0,563.0,625.0,542.0,423.0,182.0,48.0,M32.1,기관 또는 계통 침범을 동반한 전신홍반루푸스,M,M,근육골격계통,,희귀질환
M32.1 기관 또는 계통 침범을 동반한 전신홍반루푸스,계,2967.0,0.0,7.0,128.0,449.0,563.0,625.0,542.0,423.0,182.0,48.0,M32.1,기관 또는 계통 침범을 동반한 전신홍반루푸스,M,M,근육골격계통,,희귀질환
M32.1 기관 또는 계통 침범을 동반한 전신홍반루푸스,계,2967.0,0.0,7.0,128.0,449.0,563.0,625.0,542.0,423.0,182.0,48.0,M32.1,기관 또는 계통 침범을 동반한 전신홍반루푸스,M,M,근육골격계통,,희귀질환
M32.1 기관 또는 계통 침범을 동반한 전신홍반루푸스,계,2967.0,0.0,7.0,128.0,449.0,563.0,625.0,542.0,423.0,182.0,48.0,M32.1,기관 또는 계통 침범을 동반한 전신홍반루푸스,M,M,근육골격계통,,희귀질환
M32.1 기관 또는 계통 침범을 동반한 전신홍반루푸스,계,2967.0,0.0,7.0,128.0,449.0,563.0,625.0,542.0,423.0,182.0,48.0,M32.1,기관 또는 계통 침범을 동반한 전신홍반루푸스,M,M,근육골격계통,,희귀질환
M33.1 기타 피부근염,계,224.0,0.0,2.0,5.0,18.0,23.0,62.0,44.0,52.0,15.0,3.0,M33.1,기타 피부근염,M,M,근육골격계통,,희귀질환
M34.0 진행성 전신경화증,계,740.0,0.0,1.0,3.0,21.0,39.0,102.0,211.0,241.0,97.0,25.0,M34.0,진행성 전신경화증,M,M,근육골격계통,,희귀질환
M35.0 건조증후군[쉐그렌],계,1876.0,0.0,1.0,8.0,75.0,190.0,372.0,564.0,462.0,163.0,41.0,M35.0,건조증후군[쉐그렌],M,M,근육골격계통,,희귀질환
M35.0 건조증후군[쉐그렌],계,1876.0,0.0,1.0,8.0,75.0,190.0,372.0,564.0,462.0,163.0,41.0,M35.0,건조증후군[쉐그렌],M,M,근육골격계통,,희귀질환
M35.0 건조증후군[쉐그렌],계,1876.0,0.0,1.0,8.0,75.0,190.0,372.0,564.0,462.0,163.0,41.0,M35.0,건조증후군[쉐그렌],M,M,근육골격계통,,희귀질환
M35.0 건조증후군[쉐그렌],계,1876.0,0.0,1.0,8.0,75.0,190.0,372.0,564.0,462.0,163.0,41.0,M35.0,건조증후군[쉐그렌],M,M,근육골격계통,,희귀질환
M35.0 건조증후군[쉐그렌],계,1876.0,0.0,1.0,8.0,75.0,190.0,372.0,564.0,462.0,163.0,41.0,M35.0,건조증후군[쉐그렌],M,M,근육골격계통,,희귀질환
M35.1 혼합결합조직병,계,217.0,0.0,0.0,6.0,17.0,36.0,68.0,41.0,39.0,8.0,2.0,M35.1,혼합결합조직병,M,M,근육골격계통,,희귀질환
M35.2 베체트병,계,1028.0,0.0,1.0,26.0,135.0,173.0,232.0,241.0,170.0,40.0,10.0,M35.2,베체트병,M,M,근육골격계통,,희귀질환
M35.3 류마티스성 다발근통,계,820.0,0.0,0.0,0.0,1.0,1.0,9.0,107.0,311.0,261.0,130.0,M35.3,류마티스성 다발근통,M,M,근육골격계통,,희귀질환
Q05.9 상세불명의 이분척추,계,241.0,151.0,30.0,14.0,13.0,11.0,12.0,6.0,4.0,0.0,0.0,Q05.9,상세불명의 이분척추,Q,Q,선천기형변형,,희귀질환
Q17.2 소이증(小耳症),계,310.0,64.0,118.0,77.0,29.0,7.0,7.0,3.0,5.0,0.0,0.0,Q17.2,소이증(小耳症),Q,Q,선천기형변형,,희귀질환
Q21.3 팔로네징후,계,394.0,122.0,22.0,60.0,77.0,48.0,33.0,20.0,11.0,1.0,0.0,Q21.3,팔로네징후,Q,Q,선천기형변형,,희귀질환
Q21.3 팔로네징후,계,394.0,122.0,22.0,60.0,77.0,48.0,33.0,20.0,11.0,1.0,0.0,Q21.3,팔로네징후,Q,Q,선천기형변형,,희귀질환
Q23.1 이첨대동맥판막,계,1055.0,24.0,28.0,41.0,44.0,68.0,116.0,218.0,315.0,172.0,29.0,Q23.1,이첨대동맥판막,Q,Q,선천기형변형,,희귀질환
Q23.1 이첨대동맥판막,계,1055.0,24.0,28.0,41.0,44.0,68.0,116.0,218.0,315.0,172.0,29.0,Q23.1,이첨대동맥판막,Q,Q,선천기형변형,,희귀질환
Q23.1 이첨대동맥판막,계,1055.0,24.0,28.0,41.0,44.0,68.0,116.0,218.0,315.0,172.0,29.0,Q23.1,이첨대동맥판막,Q,Q,선천기형변형,,희귀질환
Q23.1 이첨대동맥판막,계,1055.0,24.0,28.0,41.0,44.0,68.0,116.0,218.0,315.0,172.0,29.0,Q23.1,이첨대동맥판막,Q,Q,선천기형변형,,희귀질환
Q24.5 관상동맥혈관의 기형,계,292.0,18.0,30.0,16.0,6.0,17.0,26.0,53.0,76.0,38.0,12.0,Q24.5,관상동맥혈관의 기형,Q,Q,선천기형변형,,희귀질환
Q24.5 관상동맥혈관의 기형,계,292.0,18.0,30.0,16.0,6.0,17.0,26.0,53.0,76.0,38.0,12.0,Q24.5,관상동맥혈관의 기형,Q,Q,선천기형변형,,희귀질환
Q85.0 신경섬유종증(비악성),계,338.0,8.0,70.0,48.0,35.0,50.0,56.0,36.0,28.0,6.0,1.0,Q85.0,신경섬유종증(비악성),Q,Q,선천기형변형,,희귀질환
Q85.0 신경섬유종증(비악성),계,338.0,8.0,70.0,48.0,35.0,50.0,56.0,36.0,28.0,6.0,1.0,Q85.0,신경섬유종증(비악성),Q,Q,선천기형변형,,희귀질환
Q85.0 신경섬유종증(비악성),계,338.0,8.0,70.0,48.0,35.0,50.0,56.0,36.0,28.0,6.0,1.0,Q85.0,신경섬유종증(비악성),Q,Q,선천기형변형,,희귀질환
"질병의 특성상 다양한 장기에, 다양한 병변이 발생되는 질환으로, 진단을 통해 확인된 병태에 따라 KCD 부호를 달리 부여 면역글로블린 G4 관련 질환",계,426.0,0.0,0.0,2.0,6.0,15.0,40.0,107.0,150.0,84.0,22.0,질병의,"특성상 다양한 장기에, 다양한 병변이 발생되는 질환으로, 진단을 통해 확인된 병태에 따라 KCD 부호를 달리 부여 면역글로블린 G4 관련 질환",질,,,,
,,,,,,,,,,,,,소계,,,,,계,
,,,,,,,,,,,,,A81.0,,,,,희귀질환,희귀질환
,,,,,,,,,,,,,D12.6,,,,,희귀질환,희귀질환
,,,,,,,,,,,,,D55.0,,,,,희귀질환,희귀질환
,,,,,,,,,,,,,D55.0,,,,,희귀질환,희귀질환
,,,,,,,,,,,,,D55.2,,,,,희귀질환,희귀질환
,,,,,,,,,,,,,D55.2,,,,,희귀질환,희귀질환
,,,,,,,,,,,,,D56.0,,,,,희귀질환,희귀질환
,,,,,,,,,,,,,D56.1,,,,,희귀질환,희귀질환
,,,,,,,,,,,,,D56.2,,,,,희귀질환,희귀질환
,,,,,,,,,,,,,D56.3,,,,,희귀질환,희귀질환
,,,,,,,,,,,,,D56.4,,,,,희귀질환,희귀질환
,,,,,,,,,,,,,D59.3,,,,,희귀질환,희귀질환
,,,,,,,,,,,,,D59.5,,,,,희귀질환,희귀질환
,,,,,,,,,,,,,D60.0,,,,,희귀질환,희귀질환
,,,,,,,,,,,,,D61.0,,,,,희귀질환,희귀질환
,,,,,,,,,,,,,D61.0,,,,,희귀질환,희귀질환
,,,,,,,,,,,,,D66,,,,,희귀질환,
,,,,,,,,,,,,,D67,,,,,희귀질환,
,,,,,,,,,,,,,D68.0,,,,,희귀질환,희귀질환
,,,,,,,,,,,,,D68.1,,,,,희귀질환,희귀질환
,,,,,,,,,,,,,D68.1,,,,,희귀질환,희귀질환
,,,,,,,,,,,,,D68.2,,,,,희귀질환,희귀질환
,,,,,,,,,,,,,D68.2,,,,,희귀질환,희귀질환
,,,,,,,,,,,,,D68.2,,,,,희귀질환,희귀질환
,,,,,,,,,,,,,D68.2,,,,,희귀질환,희귀질환
,,,,,,,,,,,,,D68.2,,,,,희귀질환,희귀질환
,,,,,,,,,,,,,D68.2,,,,,희귀질환,희귀질환
,,,,,,,,,,,,,D69.1,,,,,희귀질환,희귀질환
,,,,,,,,,,,,,D69.1,,,,,희귀질환,희귀질환
,,,,,,,,,,,,,D69.1,,,,,희귀질환,희귀질환
,,,,,,,,,,,,,D69.3,,,,,희귀질환,희귀질환
,,,,,,,,,,,,,D70,,,,,희귀질환,
,,,,,,,,,,,,,D71,,,,,희귀질환,
,,,,,,,,,,,,,D76.1,,,,,희귀질환,희귀질환
,,,,,,,,,,,,,D76.1,,,,,희귀질환,희귀질환
,,,,,,,,,,,,,D76.1,,,,,희귀질환,희귀질환
,,,,,,,,,,,,,D76.3,,,,,희귀질환,희귀질환
,,,,,,,,,,,,,D76.3,,,,,희귀질환,희귀질환
,,,,,,,,,,,,,D76.3,,,,,희귀질환,극희귀질환
,,,,,,,,,,,,,D80.0,,,,,희귀질환,희귀질환
,,,,,,,,,,,,,D80.0,,,,,희귀질환,희귀질환
,,,,,,,,,,,,,D80.0,,,,,희귀질환,희귀질환
,,,,,,,,,,,,,D80.1,,,,,희귀질환,희귀질환
,,,,,,,,,,,,,D80.1,,,,,희귀질환,희귀질환
,,,,,,,,,,,,,D80.1,,,,,희귀질환,희귀질환
,,,,,,,,,,,,,D80.2,,,,,희귀질환,희귀질환
,,,,,,,,,,,,,D80.3,,,,,희귀질환,희귀질환
,,,,,,,,,,,,,D80.4,,,,,희귀질환,희귀질환
,,,,,,,,,,,,,D80.6,,,,,희귀질환,희귀질환
,,,,,,,,,,,,,D81.2,,,,,희귀질환,희귀질환
,,,,,,,,,,,,,D81.8,,,,,희귀질환,희귀질환
,,,,,,,,,,,,,D81.8,,,,,희귀질환,희귀질환
,,,,,,,,,,,,,D81.9,,,,,희귀질환,희귀질환
,,,,,,,,,,,,,D82.0,,,,,희귀질환,희귀질환
,,,,,,,,,,,,,D82.0,,,,,희귀질환,희귀질환
,,,,,,,,,,,,,D82.1,,,,,희귀질환,희귀질환
,,,,,,,,,,,,,D82.3,,,,,희귀질환,희귀질환
,,,,,,,,,,,,,D82.3,,,,,희귀질환,극희귀질환
,,,,,,,,,,,,,D82.4,,,,,희귀질환,희귀질환
,,,,,,,,,,,,,D83.0,,,,,희귀질환,희귀질환
,,,,,,,,,,,,,D84.1,,,,,희귀질환,희귀질환
,,,,,,,,,,,,,D84.1,,,,,희귀질환,희귀질환
,,,,,,,,,,,,,D86.1,,,,,희귀질환,희귀질환
,,,,,,,,,,,,,D86.2,,,,,희귀질환,희귀질환
,,,,,,,,,,,,,D86.3,,,,,희귀질환,희귀질환
,,,,,,,,,,,,,D86.8,,,,,희귀질환,희귀질환
,,,,,,,,,,,,,D86.8,,,,,희귀질환,희귀질환
,,,,,,,,,,,,,D86.8,,,,,희귀질환,희귀질환
,,,,,,,,,,,,,D86.8,,,,,희귀질환,희귀질환
,,,,,,,,,,,,,D86.8,,,,,희귀질환,희귀질환
,,,,,,,,,,,,,D89.1,,,,,희귀질환,희귀질환
,,,,,,,,,,,,,E22.0,,,,,희귀질환,희귀질환
,,,,,,,,,,,,,E22.0,,,,,희귀질환,희귀질환
,,,,,,,,,,,,,E23.0,,,,,희귀질환,희귀질환
,,,,,,,,,,,,,E23.0,,,,,희귀질환,희귀질환
,,,,,,,,,,,,,E23.0,,,,,희귀질환,극희귀질환
,,,,,,,,,,,,,E24.0,,,,,희귀질환,희귀질환
,,,,,,,,,,,,,E24.0,,,,,희귀질환,희귀질환
,,,,,,,,,,,,,E24.0,,,,,희귀질환,희귀질환
,,,,,,,,,,,,,E24.3,,,,,희귀질환,희귀질환
,,,,,,,,,,,,,E25.0,,,,,희귀질환,희귀질환
,,,,,,,,,,,,,E25.0,,,,,희귀질환,희귀질환
,,,,,,,,,,,,,E25.0,,,,,희귀질환,희귀질환
,,,,,,,,,,,,,E25.0,,,,,희귀질환,희귀질환
,,,,,,,,,,,,,E25.9,,,,,희귀질환,희귀질환
,,,,,,,,,,,,,E26.8,,,,,희귀질환,희귀질환
,,,,,,,,,,,,,E27.1,,,,,희귀질환,희귀질환
,,,,,,,,,,,,,E27.1,,,,,희귀질환,희귀질환
,,,,,,,,,,,,,E27.2,,,,,희귀질환,희귀질환
,,,,,,,,,,,,,E27.2,,,,,희귀질환,희귀질환
,,,,,,,,,,,,,E27.2,,,,,희귀질환,희귀질환
,,,,,,,,,,,,,E34.8,,,,,희귀질환,희귀질환
,,,,,,,,,,,,,E55.0,,,,,희귀질환,희귀질환
,,,,,,,,,,,,,E70.0,,,,,희귀질환,희귀질환
,,,,,,,,,,,,,E70.1,,,,,희귀질환,희귀질환
,,,,,,,,,,,,,E70.2,,,,,희귀질환,희귀질환
,,,,,,,,,,,,,E70.2,,,,,희귀질환,희귀질환
,,,,,,,,,,,,,E70.3,,,,,희귀질환,희귀질환
,,,,,,,,,,,,,E70.3,,,,,희귀질환,희귀질환
,,,,,,,,,,,,,E70.3,,,,,희귀질환,희귀질환
,,,,,,,,,,,,,E71.0,,,,,희귀질환,희귀질환
,,,,,,,,,,,,,E71.1,,,,,희귀질환,희귀질환
,,,,,,,,,,,,,E71.1,,,,,희귀질환,희귀질환
,,,,,,,,,,,,,E71.1,,,,,희귀질환,희귀질환
,,,,,,,,,,,,,E71.1,,,,,희귀질환,희귀질환
,,,,,,,,,,,,,E71.3,,,,,희귀질환,희귀질환
,,,,,,,,,,,,,E71.3,,,,,희귀질환,희귀질환
,,,,,,,,,,,,,E71.3,,,,,희귀질환,희귀질환
,,,,,,,,,,,,,E71.3,,,,,희귀질환,희귀질환
,,,,,,,,,,,,,E72.0,,,,,희귀질환,희귀질환
,,,,,,,,,,,,,E72.0,,,,,희귀질환,희귀질환
,,,,,,,,,,,,,E72.0,,,,,희귀질환,희귀질환
,,,,,,,,,,,,,E72.0,,,,,희귀질환,희귀질환
,,,,,,,,,,,,,E72.1,,,,,희귀질환,희귀질환
,,,,,,,,,,,,,E72.1,,,,,희귀질환,희귀질환
,,,,,,,,,,,,,E72.1,,,,,희귀질환,희귀질환
,,,,,,,,,,,,,E72.1,,,,,희귀질환,희귀질환
,,,,,,,,,,,,,E72.2,,,,,희귀질환,희귀질환
,,,,,,,,,,,,,E72.2,,,,,희귀질환,희귀질환
,,,,,,,,,,,,,E72.3,,,,,희귀질환,희귀질환
,,,,,,,,,,,,,E72.4,,,,,희귀질환,희귀질환
,,,,,,,,,,,,,E72.4,,,,,희귀질환,희귀질환
,,,,,,,,,,,,,E72.5,,,,,희귀질환,희귀질환
,,,,,,,,,,,,,E72.5,,,,,희귀질환,희귀질환
,,,,,,,,,,,,,E74.0,,,,,희귀질환,희귀질환
,,,,,,,,,,,,,E74.0,,,,,희귀질환,희귀질환
,,,,,,,,,,,,,E74.0,,,,,희귀질환,희귀질환
,,,,,,,,,,,,,E74.0,,,,,희귀질환,극희귀질환
,,,,,,,,,,,,,E74.2,,,,,희귀질환,희귀질환
,,,,,,,,,,,,,E74.4,,,,,희귀질환,희귀질환
,,,,,,,,,,,,,E74.4,,,,,희귀질환,희귀질환
,,,,,,,,,,,,,E74.8,,,,,희귀질환,희귀질환
,,,,,,,,,,,,,E75.1,,,,,희귀질환,희귀질환
,,,,,,,,,,,,,E75.2,,,,,희귀질환,희귀질환
,,,,,,,,,,,,,E75.2,,,,,희귀질환,희귀질환
,,,,,,,,,,,,,E75.2,,,,,희귀질환,희귀질환
,,,,,,,,,,,,,E75.2,,,,,희귀질환,희귀질환
,,,,,,,,,,,,,E75.2,,,,,희귀질환,희귀질환
,,,,,,,,,,,,,E75.2,,,,,희귀질환,희귀질환
,,,,,,,,,,,,,E75.2,,,,,희귀질환,극희귀질환
,,,,,,,,,,,,,E75.2,,,,,희귀질환,극희귀질환
,,,,,,,,,,,,,E75.2,,,,,희귀질환,극희귀질환
,,,,,,,,,,,,,E75.2,,,,,희귀질환,극희귀질환
,,,,,,,,,,,,,E75.4,,,,,희귀질환,희귀질환
,,,,,,,,,,,,,E75.4,,,,,희귀질환,희귀질환
,,,,,,,,,,,,,E75.5,,,,,희귀질환,희귀질환
,,,,,,,,,,,,,E76.0,,,,,희귀질환,희귀질환
,,,,,,,,,,,,,E76.1,,,,,희귀질환,희귀질환
,,,,,,,,,,,,,E76.1,,,,,희귀질환,희귀질환
,,,,,,,,,,,,,E76.2,,,,,희귀질환,희귀질환
,,,,,,,,,,,,,E77.1,,,,,희귀질환,희귀질환
,,,,,,,,,,,,,E79.1,,,,,희귀질환,희귀질환
,,,,,,,,,,,,,E80.2,,,,,희귀질환,희귀질환
,,,,,,,,,,,,,E80.2,,,,,희귀질환,희귀질환
,,,,,,,,,,,,,E80.2,,,,,희귀질환,희귀질환
,,,,,,,,,,,,,E83.0,,,,,희귀질환,희귀질환
,,,,,,,,,,,,,E83.0,,,,,희귀질환,희귀질환
,,,,,,,,,,,,,E83.1,,,,,희귀질환,희귀질환
,,,,,,,,,,,,,E83.1,,,,,희귀질환,극희귀질환
,,,,,,,,,,,,,E83.3,,,,,희귀질환,희귀질환
,,,,,,,,,,,,,E83.3,,,,,희귀질환,희귀질환
,,,,,,,,,,,,,E83.3,,,,,희귀질환,희귀질환
,,,,,,,,,,,,,E83.3,,,,,희귀질환,희귀질환
,,,,,,,,,,,,,E83.3,,,,,희귀질환,희귀질환
,,,,,,,,,,,,,E84.0,,,,,희귀질환,희귀질환
,,,,,,,,,,,,,E84.1,,,,,희귀질환,희귀질환
,,,,,,,,,,,,,E84.1,,,,,희귀질환,희귀질환
,,,,,,,,,,,,,E85.0,,,,,희귀질환,희귀질환
,,,,,,,,,,,,,E85.1,,,,,희귀질환,희귀질환
,,,,,,,,,,,,,E85.1,,,,,희귀질환,희귀질환
,,,,,,,,,,,,,E85.2,,,,,희귀질환,희귀질환
,,,,,,,,,,,,,E85.4,,,,,희귀질환,희귀질환
,,,,,,,,,,,,,E85.4,,,,,희귀질환,희귀질환
,,,,,,,,,,,,,F80.3,,,,,희귀질환,희귀질환
,,,,,,,,,,,,,F84.2,,,,,희귀질환,희귀질환
,,,,,,,,,,,,,G10,,,,,희귀질환,
,,,,,,,,,,,,,G11.1,,,,,희귀질환,희귀질환
,,,,,,,,,,,,,G11.1,,,,,희귀질환,희귀질환
,,,,,,,,,,,,,G11.1,,,,,희귀질환,희귀질환
,,,,,,,,,,,,,G11.1,,,,,희귀질환,희귀질환
,,,,,,,,,,,,,G11.1,,,,,희귀질환,극희귀질환
,,,,,,,,,,,,,G11.3,,,,,희귀질환,희귀질환
,,,,,,,,,,,,,G11.4,,,,,희귀질환,희귀질환
,,,,,,,,,,,,,G11.8,,,,,희귀질환,희귀질환
,,,,,,,,,,,,,G12.0,,,,,희귀질환,희귀질환
,,,,,,,,,,,,,G12.1,,,,,희귀질환,희귀질환
,,,,,,,,,,,,,G12.1,,,,,희귀질환,희귀질환
,,,,,,,,,,,,,G12.1,,,,,희귀질환,희귀질환
,,,,,,,,,,,,,G12.1,,,,,희귀질환,희귀질환
,,,,,,,,,,,,,G12.8,,,,,희귀질환,희귀질환
,,,,,,,,,,,,,G12.9,,,,,희귀질환,희귀질환
,,,,,,,,,,,,,G23.0,,,,,희귀질환,희귀질환
,,,,,,,,,,,,,G23.0,,,,,희귀질환,극희귀질환
,,,,,,,,,,,,,G31.81,,,,,희귀질환,희귀질환
,,,,,,,,,,,,,G40.4,,,,,희귀질환,희귀질환
,,,,,,,,,,,,,G40.4,,,,,희귀질환,희귀질환
,,,,,,,,,,,,,G41.0,,,,,희귀질환,희귀질환
,,,,,,,,,,,,,G41.0,,,,,희귀질환,희귀질환
,,,,,,,,,,,,,G41.1,,,,,희귀질환,희귀질환
,,,,,,,,,,,,,G41.2,,,,,희귀질환,희귀질환
,,,,,,,,,,,,,G41.8,,,,,희귀질환,희귀질환
,,,,,,,,,,,,,G60.0,,,,,희귀질환,희귀질환
,,,,,,,,,,,,,G60.0,,,,,희귀질환,희귀질환
,,,,,,,,,,,,,G60.0,,,,,희귀질환,희귀질환
,,,,,,,,,,,,,G60.0,,,,,희귀질환,희귀질환
,,,,,,,,,,,,,G60.0,,,,,희귀질환,희귀질환
,,,,,,,,,,,,,G60.0,,,,,희귀질환,극희귀질환
,,,,,,,,,,,,,G71.0,,,,,희귀질환,희귀질환
,,,,,,,,,,,,,G71.0,,,,,희귀질환,희귀질환
,,,,,,,,,,,,,G71.0,,,,,희귀질환,희귀질환
,,,,,,,,,,,,,G71.0,,,,,희귀질환,희귀질환
,,,,,,,,,,,,,G71.0,,,,,희귀질환,희귀질환
,,,,,,,,,,,,,G71.0,,,,,희귀질환,희귀질환
,,,,,,,,,,,,,G71.0,,,,,희귀질환,희귀질환
,,,,,,,,,,,,,G71.0,,,,,희귀질환,희귀질환
,,,,,,,,,,,,,G71.1,,,,,희귀질환,희귀질환
,,,,,,,,,,,,,G71.1,,,,,희귀질환,희귀질환
,,,,,,,,,,,,,G71.1,,,,,희귀질환,희귀질환
,,,,,,,,,,,,,G71.1,,,,,희귀질환,희귀질환
,,,,,,,,,,,,,G71.1,,,,,희귀질환,희귀질환
,,,,,,,,,,,,,G71.1,,,,,희귀질환,희귀질환
,,,,,,,,,,,,,G71.1,,,,,희귀질환,희귀질환
,,,,,,,,,,,,,G71.2,,,,,희귀질환,희귀질환
,,,,,,,,,,,,,G71.2,,,,,희귀질환,희귀질환
,,,,,,,,,,,,,G71.2,,,,,희귀질환,희귀질환
,,,,,,,,,,,,,G71.2,,,,,희귀질환,희귀질환
,,,,,,,,,,,,,G71.3,,,,,희귀질환,희귀질환
,,,,,,,,,,,,,G71.3,,,,,희귀질환,희귀질환
,,,,,,,,,,,,,G71.9,,,,,희귀질환,희귀질환
,,,,,,,,,,,,,G72.3,,,,,희귀질환,희귀질환
,,,,,,,,,,,,,G73.1,,,,,희귀질환,희귀질환
,,,,,,,,,,,,,G90.6,,,,,희귀질환,희귀질환
,,,,,,,,,,,,,H31.2,,,,,희귀질환,희귀질환
,,,,,,,,,,,,,H35.0,,,,,희귀질환,희귀질환
,,,,,,,,,,,,,H35.0,,,,,희귀질환,극희귀질환
,,,,,,,,,,,,,H35.58,,,,,희귀질환,희귀질환
,,,,,,,,,,,,,H35.59,,,,,희귀질환,희귀질환
,,,,,,,,,,,,,H35.59,,,,,희귀질환,희귀질환
,,,,,,,,,,,,,I27.8,,,,,희귀질환,희귀질환
,,,,,,,,,,,,,I27.8,,,,,희귀질환,희귀질환
,,,,,,,,,,,,,I42.3,,,,,희귀질환,희귀질환
,,,,,,,,,,,,,I42.4,,,,,희귀질환,희귀질환
,,,,,,,,,,,,,I42.4,,,,,희귀질환,희귀질환
,,,,,,,,,,,,,I49.82,,,,,희귀질환,희귀질환
,,,,,,,,,,,,,I78.0,,,,,희귀질환,희귀질환
,,,,,,,,,,,,,I78.0,,,,,희귀질환,희귀질환
,,,,,,,,,,,,,I82.0,,,,,희귀질환,희귀질환
,,,,,,,,,,,,,J84.0,,,,,희귀질환,희귀질환
,,,,,,,,,,,,,K83.0,,,,,희귀질환,희귀질환
,,,,,,,,,,,,,L10.0,,,,,희귀질환,희귀질환
,,,,,,,,,,,,,L10.2,,,,,희귀질환,희귀질환
,,,,,,,,,,,,,L12.1,,,,,희귀질환,희귀질환
,,,,,,,,,,,,,L12.1,,,,,희귀질환,희귀질환
,,,,,,,,,,,,,L12.3,,,,,희귀질환,희귀질환
,,,,,,,,,,,,,M08.1,,,,,희귀질환,희귀질환
,,,,,,,,,,,,,M08.2,,,,,희귀질환,희귀질환
,,,,,,,,,,,,,M08.3,,,,,희귀질환,희귀질환
,,,,,,,,,,,,,M30.0,,,,,희귀질환,희귀질환
,,,,,,,,,,,,,M30.1,,,,,희귀질환,희귀질환
,,,,,,,,,,,,,M31.0,,,,,희귀질환,희귀질환
,,,,,,,,,,,,,M31.1,,,,,희귀질환,희귀질환
,,,,,,,,,,,,,M31.1,,,,,희귀질환,희귀질환
,,,,,,,,,,,,,M31.3,,,,,희귀질환,희귀질환
,,,,,,,,,,,,,M31.3,,,,,희귀질환,희귀질환
,,,,,,,,,,,,,M31.4,,,,,희귀질환,희귀질환
,,,,,,,,,,,,,M31.7,,,,,희귀질환,희귀질환
,,,,,,,,,,,,,M33.0,,,,,희귀질환,희귀질환
,,,,,,,,,,,,,M33.2,,,,,희귀질환,희귀질환
,,,,,,,,,,,,,M34.1,,,,,희귀질환,희귀질환
,,,,,,,,,,,,,M34.1,,,,,희귀질환,희귀질환
,,,,,,,,,,,,,M34.8,,,,,희귀질환,희귀질환
,,,,,,,,,,,,,M34.8,,,,,희귀질환,희귀질환
,,,,,,,,,,,,,M35.4,,,,,희귀질환,희귀질환
,,,,,,,,,,,,,M35.5,,,,,희귀질환,희귀질환
,,,,,,,,,,,,,M35.6,,,,,희귀질환,희귀질환
,,,,,,,,,,,,,M61.1,,,,,희귀질환,희귀질환
,,,,,,,,,,,,,M88.0,,,,,희귀질환,희귀질환
,,,,,,,,,,,,,M88.8,,,,,희귀질환,희귀질환
,,,,,,,,,,,,,M88.9,,,,,희귀질환,희귀질환
,,,,,,,,,,,,,M92.2,,,,,희귀질환,희귀질환
,,,,,,,,,,,,,M93.1,,,,,희귀질환,희귀질환
,,,,,,,,,,,,,M94.1,,,,,희귀질환,희귀질환
,,,,,,,,,,,,,N04.0,,,,,희귀질환,희귀질환
,,,,,,,,,,,,,N04.0,,,,,희귀질환,희귀질환
,,,,,,,,,,,,,N04.1,,,,,희귀질환,희귀질환
,,,,,,,,,,,,,N04.1,,,,,희귀질환,희귀질환
,,,,,,,,,,,,,N04.1,,,,,희귀질환,극희귀질환
,,,,,,,,,,,,,N04.2,,,,,희귀질환,희귀질환
,,,,,,,,,,,,,N04.5,,,,,희귀질환,희귀질환
,,,,,,,,,,,,,N04.6,,,,,희귀질환,희귀질환
,,,,,,,,,,,,,N04.7,,,,,희귀질환,희귀질환
,,,,,,,,,,,,,N25.1,,,,,희귀질환,희귀질환
,,,,,,,,,,,,,Q03.1,,,,,희귀질환,희귀질환
,,,,,,,,,,,,,Q04.3,,,,,희귀질환,희귀질환
,,,,,,,,,,,,,Q04.3,,,,,희귀질환,희귀질환
,,,,,,,,,,,,,Q04.3,,,,,희귀질환,극희귀질환
,,,,,,,,,,,,,Q04.3,,,,,희귀질환,극희귀질환
,,,,,,,,,,,,,Q04.3,,,,,희귀질환,극희귀질환
,,,,,,,,,,,,,Q04.3,,,,,희귀질환,극희귀질환
,,,,,,,,,,,,,Q04.3,,,,,희귀질환,극희귀질환
,,,,,,,,,,,,,Q04.3,,,,,희귀질환,극희귀질환
,,,,,,,,,,,,,Q04.6,,,,,희귀질환,희귀질환
,,,,,,,,,,,,,Q05.2,,,,,희귀질환,희귀질환
,,,,,,,,,,,,,Q05.4,,,,,희귀질환,희귀질환
,,,,,,,,,,,,,Q05.5,,,,,희귀질환,희귀질환
,,,,,,,,,,,,,Q05.7,,,,,희귀질환,희귀질환
,,,,,,,,,,,,,Q05.8,,,,,희귀질환,희귀질환
,,,,,,,,,,,,,Q06.2,,,,,희귀질환,희귀질환
,,,,,,,,,,,,,Q07.0,,,,,희귀질환,희귀질환
,,,,,,,,,,,,,Q20.0,,,,,희귀질환,희귀질환
,,,,,,,,,,,,,Q20.0,,,,,희귀질환,희귀질환
,,,,,,,,,,,,,Q20.1,,,,,희귀질환,희귀질환
,,,,,,,,,,,,,Q20.1,,,,,희귀질환,희귀질환
,,,,,,,,,,,,,Q20.3,,,,,희귀질환,희귀질환
,,,,,,,,,,,,,Q20.3,,,,,희귀질환,희귀질환
,,,,,,,,,,,,,Q20.4,,,,,희귀질환,희귀질환
,,,,,,,,,,,,,Q20.5,,,,,희귀질환,희귀질환
,,,,,,,,,,,,,Q20.5,,,,,희귀질환,희귀질환
,,,,,,,,,,,,,Q21.2,,,,,희귀질환,희귀질환
,,,,,,,,,,,,,Q21.2,,,,,희귀질환,희귀질환
,,,,,,,,,,,,,Q21.2,,,,,희귀질환,희귀질환
,,,,,,,,,,,,,Q21.4,,,,,희귀질환,희귀질환
,,,,,,,,,,,,,Q21.8,,,,,희귀질환,희귀질환
,,,,,,,,,,,,,Q22.0,,,,,희귀질환,희귀질환
,,,,,,,,,,,,,Q22.4,,,,,희귀질환,희귀질환
,,,,,,,,,,,,,Q22.5,,,,,희귀질환,희귀질환
,,,,,,,,,,,,,Q23.0,,,,,희귀질환,희귀질환
,,,,,,,,,,,,,Q23.0,,,,,희귀질환,희귀질환
,,,,,,,,,,,,,Q23.2,,,,,희귀질환,희귀질환
,,,,,,,,,,,,,Q23.3,,,,,희귀질환,희귀질환
,,,,,,,,,,,,,Q23.4,,,,,희귀질환,희귀질환
,,,,,,,,,,,,,Q23.4,,,,,희귀질환,희귀질환
,,,,,,,,,,,,,Q23.8,,,,,희귀질환,희귀질환
,,,,,,,,,,,,,Q23.9,,,,,희귀질환,희귀질환
,,,,,,,,,,,,,Q24.4,,,,,희귀질환,희귀질환
,,,,,,,,,,,,,Q24.6,,,,,희귀질환,희귀질환
,,,,,,,,,,,,,Q25.1,,,,,희귀질환,희귀질환
,,,,,,,,,,,,,Q25.2,,,,,희귀질환,희귀질환
,,,,,,,,,,,,,Q25.3,,,,,희귀질환,희귀질환
,,,,,,,,,,,,,Q25.3,,,,,희귀질환,희귀질환
,,,,,,,,,,,,,Q25.5,,,,,희귀질환,희귀질환
,,,,,,,,,,,,,Q26.0,,,,,희귀질환,희귀질환
,,,,,,,,,,,,,Q26.1,,,,,희귀질환,희귀질환
,,,,,,,,,,,,,Q26.2,,,,,희귀질환,희귀질환
,,,,,,,,,,,,,Q26.3,,,,,희귀질환,희귀질환
,,,,,,,,,,,,,Q26.4,,,,,희귀질환,희귀질환
,,,,,,,,,,,,,Q26.5,,,,,희귀질환,희귀질환
,,,,,,,,,,,,,Q26.6,,,,,희귀질환,희귀질환
,,,,,,,,,,,,,Q44.2,,,,,희귀질환,희귀질환
,,,,,,,,,,,,,Q61.1,,,,,희귀질환,희귀질환
,,,,,,,,,,,,,Q64.1,,,,,희귀질환,희귀질환
,,,,,,,,,,,,,Q74.3,,,,,희귀질환,희귀질환
,,,,,,,,,,,,,Q75.0,,,,,희귀질환,희귀질환
,,,,,,,,,,,,,Q75.0,,,,,희귀질환,희귀질환
,,,,,,,,,,,,,Q75.1,,,,,희귀질환,희귀질환
,,,,,,,,,,,,,Q75.1,,,,,희귀질환,희귀질환
,,,,,,,,,,,,,Q75.4,,,,,희귀질환,희귀질환
,,,,,,,,,,,,,Q77.3,,,,,희귀질환,희귀질환
,,,,,,,,,,,,,Q77.3,,,,,희귀질환,극희귀질환
,,,,,,,,,,,,,Q77.4,,,,,희귀질환,희귀질환
,,,,,,,,,,,,,Q77.4,,,,,희귀질환,희귀질환
,,,,,,,,,,,,,Q77.7,,,,,희귀질환,희귀질환
,,,,,,,,,,,,,Q77.8,,,,,희귀질환,희귀질환
,,,,,,,,,,,,,Q77.8,,,,,희귀질환,극희귀질환
,,,,,,,,,,,,,Q77.9,,,,,희귀질환,희귀질환
,,,,,,,,,,,,,Q78.0,,,,,희귀질환,희귀질환
,,,,,,,,,,,,,Q78.1,,,,,희귀질환,희귀질환
,,,,,,,,,,,,,Q78.1,,,,,희귀질환,희귀질환
,,,,,,,,,,,,,Q78.2,,,,,희귀질환,희귀질환
,,,,,,,,,,,,,Q78.4,,,,,희귀질환,희귀질환
,,,,,,,,,,,,,Q78.4,,,,,희귀질환,희귀질환
,,,,,,,,,,,,,Q78.6,,,,,희귀질환,희귀질환
,,,,,,,,,,,,,Q78.6,,,,,희귀질환,희귀질환
,,,,,,,,,,,,,Q79.0,,,,,희귀질환,희귀질환
,,,,,,,,,,,,,Q79.1,,,,,희귀질환,희귀질환
,,,,,,,,,,,,,Q79.1,,,,,희귀질환,희귀질환
,,,,,,,,,,,,,Q79.1,,,,,희귀질환,희귀질환
,,,,,,,,,,,,,Q79.2,,,,,희귀질환,희귀질환
,,,,,,,,,,,,,Q79.3,,,,,희귀질환,희귀질환
,,,,,,,,,,,,,Q79.6,,,,,희귀질환,희귀질환
,,,,,,,,,,,,,Q79.8,,,,,희귀질환,희귀질환
,,,,,,,,,,,,,Q79.8,,,,,희귀질환,희귀질환
,,,,,,,,,,,,,Q79.8,,,,,희귀질환,희귀질환
,,,,,,,,,,,,,Q79.8,,,,,희귀질환,희귀질환
,,,,,,,,,,,,,Q79.9,,,,,희귀질환,희귀질환
,,,,,,,,,,,,,Q79.9,,,,,희귀질환,희귀질환
,,,,,,,,,,,,,Q80.1,,,,,희귀질환,희귀질환
,,,,,,,,,,,,,Q80.1,,,,,희귀질환,희귀질환
,,,,,,,,,,,,,Q80.4,,,,,희귀질환,희귀질환
,,,,,,,,,,,,,Q81.2,,,,,희귀질환,희귀질환
,,,,,,,,,,,,,Q85.1,,,,,희귀질환,희귀질환
,,,,,,,,,,,,,Q85.8,,,,,희귀질환,희귀질환
,,,,,,,,,,,,,Q85.8,,,,,희귀질환,희귀질환
,,,,,,,,,,,,,Q85.8,,,,,희귀질환,희귀질환
,,,,,,,,,,,,,Q87.0,,,,,희귀질환,희귀질환
,,,,,,,,,,,,,Q87.0,,,,,희귀질환,희귀질환
,,,,,,,,,,,,,Q87.0,,,,,희귀질환,희귀질환
,,,,,,,,,,,,,Q87.0,,,,,희귀질환,희귀질환
,,,,,,,,,,,,,Q87.0,,,,,희귀질환,희귀질환
,,,,,,,,,,,,,Q87.0,,,,,희귀질환,극희귀질환
,,,,,,,,,,,,,Q87.0,,,,,희귀질환,극희귀질환
,,,,,,,,,,,,,Q87.0,,,,,희귀질환,극희귀질환
,,,,,,,,,,,,,Q87.0,,,,,희귀질환,극희귀질환
,,,,,,,,,,,,,Q87.0,,,,,희귀질환,극희귀질환
,,,,,,,,,,,,,Q87.0,,,,,희귀질환,극희귀질환
,,,,,,,,,,,,,Q87.0,,,,,희귀질환,극희귀질환
,,,,,,,,,,,,,Q87.0,,,,,희귀질환,극희귀질환
,,,,,,,,,,,,,Q87.0,,,,,희귀질환,극희귀질환
,,,,,,,,,,,,,Q87.0,,,,,희귀질환,극희귀질환
,,,,,,,,,,,,,Q87.1,,,,,희귀질환,희귀질환
,,,,,,,,,,,,,Q87.1,,,,,희귀질환,희귀질환
,,,,,,,,,,,,,Q87.1,,,,,희귀질환,희귀질환
,,,,,,,,,,,,,Q87.1,,,,,희귀질환,희귀질환
,,,,,,,,,,,,,Q87.1,,,,,희귀질환,희귀질환
,,,,,,,,,,,,,Q87.1,,,,,희귀질환,극희귀질환
,,,,,,,,,,,,,Q87.1,,,,,희귀질환,극희귀질환
,,,,,,,,,,,,,Q87.2,,,,,희귀질환,희귀질환
,,,,,,,,,,,,,Q87.2,,,,,희귀질환,희귀질환
,,,,,,,,,,,,,Q87.2,,,,,희귀질환,희귀질환
,,,,,,,,,,,,,Q87.2,,,,,희귀질환,희귀질환
,,,,,,,,,,,,,Q87.2,,,,,희귀질환,희귀질환
,,,,,,,,,,,,,Q87.3,,,,,희귀질환,희귀질환
,,,,,,,,,,,,,Q87.3,,,,,희귀질환,희귀질환
,,,,,,,,,,,,,Q87.3,,,,,희귀질환,극희귀질환
,,,,,,,,,,,,,Q87.3,,,,,희귀질환,극희귀질환
,,,,,,,,,,,,,Q87.3,,,,,희귀질환,극희귀질환
,,,,,,,,,,,,,Q87.4,,,,,희귀질환,희귀질환
,,,,,,,,,,,,,Q87.8,,,,,희귀질환,희귀질환
,,,,,,,,,,,,,Q87.8,,,,,희귀질환,희귀질환
,,,,,,,,,,,,,Q87.8,,,,,희귀질환,극희귀질환
,,,,,,,,,,,,,Q87.8,,,,,희귀질환,극희귀질환
,,,,,,,,,,,,,Q87.8,,,,,희귀질환,극희귀질환
,,,,,,,,,,,,,Q87.8,,,,,희귀질환,극희귀질환
,,,,,,,,,,,,,Q87.8,,,,,희귀질환,극희귀질환
,,,,,,,,,,,,,Q87.8,,,,,희귀질환,극희귀질환
,,,,,,,,,,,,,Q87.8,,,,,희귀질환,극희귀질환
,,,,,,,,,,,,,Q87.8,,,,,희귀질환,극희귀질환
,,,,,,,,,,,,,Q87.8,,,,,희귀질환,극희귀질환
,,,,,,,,,,,,,Q87.8,,,,,희귀질환,극희귀질환
,,,,,,,,,,,,,Q87.8,,,,,희귀질환,극희귀질환
,,,,,,,,,,,,,Q87.8,,,,,희귀질환,극희귀질환
,,,,,,,,,,,,,Q87.8,,,,,희귀질환,극희귀질환
,,,,,,,,,,,,,Q87.8,,,,,희귀질환,극희귀질환
,,,,,,,,,,,,,Q87.8,,,,,희귀질환,극희귀질환
,,,,,,,,,,,,,Q87.8,,,,,희귀질환,극희귀질환
,,,,,,,,,,,,,Q87.8,,,,,희귀질환,극희귀질환
,,,,,,,,,,,,,Q90.0,,,,,희귀질환,희귀질환
,,,,,,,,,,,,,Q90.1,,,,,희귀질환,희귀질환
,,,,,,,,,,,,,Q90.2,,,,,희귀질환,희귀질환
,,,,,,,,,,,,,Q90.9,,,,,희귀질환,희귀질환
,,,,,,,,,,,,,Q91.0,,,,,희귀질환,희귀질환
,,,,,,,,,,,,,Q91.1,,,,,희귀질환,희귀질환
,,,,,,,,,,,,,Q91.5,,,,,희귀질환,희귀질환
,,,,,,,,,,,,,Q91.7,,,,,희귀질환,희귀질환
,,,,,,,,,,,,,Q93.4,,,,,희귀질환,희귀질환
,,,,,,,,,,,,,Q93.4,,,,,희귀질환,희귀질환
,,,,,,,,,,,,,Q93.5,,,,,희귀질환,희귀질환
,,,,,,,,,,,,,Q93.5,,,,,희귀질환,희귀질환
,,,,,,,,,,,,,Q93.5,,,,,희귀질환,희귀질환
,,,,,,,,,,,,,Q93.5,,,,,희귀질환,희귀질환
,,,,,,,,,,,,,Q93.5,,,,,희귀질환,극희귀질환
,,,,,,,,,,,,,Q93.5,,,,,희귀질환,극희귀질환
,,,,,,,,,,,,,Q93.5,,,,,희귀질환,극희귀질환
,,,,,,,,,,,,,Q93.5,,,,,희귀질환,극희귀질환
,,,,,,,,,,,,,Q93.5,,,,,희귀질환,극희귀질환
,,,,,,,,,,,,,Q93.5,,,,,희귀질환,극희귀질환
,,,,,,,,,,,,,Q93.5,,,,,희귀질환,극희귀질환
,,,,,,,,,,,,,Q93.5,,,,,희귀질환,극희귀질환
,,,,,,,,,,,,,Q93.5,,,,,희귀질환,극희귀질환
,,,,,,,,,,,,,Q93.5,,,,,희귀질환,극희귀질환
,,,,,,,,,,,,,Q93.5,,,,,희귀질환,극희귀질환
,,,,,,,,,,,,,Q93.5,,,,,희귀질환,기타염색체이상질환
,,,,,,,,,,,,,Q93.5,,,,,희귀질환,기타염색체이상질환
,,,,,,,,,,,,,Q93.5,,,,,희귀질환,기타염색체이상질환
,,,,,,,,,,,,,Q93.5,,,,,희귀질환,기타염색체이상질환
,,,,,,,,,,,,,Q93.5,,,,,희귀질환,기타염색체이상질환
,,,,,,,,,,,,,Q93.5,,,,,희귀질환,기타염색체이상질환
,,,,,,,,,,,,,Q93.5,,,,,희귀질환,기타염색체이상질환
,,,,,,,,,,,,,Q93.5,,,,,희귀질환,기타염색체이상질환
,,,,,,,,,,,,,Q93.5,,,,,희귀질환,기타염색체이상질환
,,,,,,,,,,,,,Q93.5,,,,,희귀질환,기타염색체이상질환
,,,,,,,,,,,,,Q93.5,,,,,희귀질환,기타염색체이상질환
,,,,,,,,,,,,,Q93.5,,,,,희귀질환,기타염색체이상질환
,,,,,,,,,,,,,Q93.5,,,,,희귀질환,기타염색체이상질환
,,,,,,,,,,,,,Q93.5,,,,,희귀질환,기타염색체이상질환
,,,,,,,,,,,,,Q93.5,,,,,희귀질환,기타염색체이상질환
,,,,,,,,,,,,,Q93.5,,,,,희귀질환,기타염색체이상질환
,,,,,,,,,,,,,Q93.5,,,,,희귀질환,기타염색체이상질환
,,,,,,,,,,,,,Q93.5,,,,,희귀질환,기타염색체이상질환
,,,,,,,,,,,,,Q93.5,,,,,희귀질환,기타염색체이상질환
,,,,,,,,,,,,,Q93.5,,,,,희귀질환,기타염색체이상질환
,,,,,,,,,,,,,Q93.5,,,,,희귀질환,기타염색체이상질환
,,,,,,,,,,,,,Q93.5,,,,,희귀질환,기타염색체이상질환
,,,,,,,,,,,,,Q96.0,,,,,희귀질환,희귀질환
,,,,,,,,,,,,,Q96.1,,,,,희귀질환,희귀질환
,,,,,,,,,,,,,Q96.2,,,,,희귀질환,희귀질환
,,,,,,,,,,,,,Q96.3,,,,,희귀질환,희귀질환
,,,,,,,,,,,,,Q96.4,,,,,희귀질환,희귀질환
,,,,,,,,,,,,,Q98.0,,,,,희귀질환,희귀질환
,,,,,,,,,,,,,Q98.1,,,,,희귀질환,희귀질환
,,,,,,,,,,,,,Q98.2,,,,,희귀질환,희귀질환
,,,,,,,,,,,,,Q99.2,,,,,희귀질환,희귀질환
,,,,,,,,,,,,,D68.5,,,,,극희귀질환,극희귀질환
,,,,,,,,,,,,,D68.5,,,,,극희귀질환,극희귀질환
,,,,,,,,,,,,,D68.5,,,,,극희귀질환,극희귀질환
,,,,,,,,,,,,,D69.4,,,,,극희귀질환,극희귀질환
,,,,,,,,,,,,,D69.4,,,,,극희귀질환,극희귀질환
,,,,,,,,,,,,,E16.10,,,,,극희귀질환,극희귀질환
,,,,,,,,,,,,,E20.1,,,,,극희귀질환,극희귀질환
,,,,,,,,,,,,,E72.8,,,,,극희귀질환,극희귀질환
,,,,,,,,,,,,,E83.1+,,,,,극희귀질환,
,,,,,,,,,,,,,E88.1,,,,,극희귀질환,극희귀질환
,,,,,,,,,,,,,G04.8,,,,,극희귀질환,극희귀질환
,,,,,,,,,,,,,G04.8,,,,,극희귀질환,극희귀질환
,,,,,,,,,,,,,G23.8,,,,,극희귀질환,극희귀질환
,,,,,,,,,,,,,G24.8,,,,,극희귀질환,극희귀질환
,,,,,,,,,,,,,G25.8,,,,,극희귀질환,극희귀질환
,,,,,,,,,,,,,G47.31,,,,,극희귀질환,극희귀질환
,,,,,,,,,,,,,G47.31,,,,,극희귀질환,극희귀질환
,,,,,,,,,,,,,G51.8,,,,,극희귀질환,극희귀질환
,,,,,,,,,,,,,G72.4,,,,,극희귀질환,극희귀질환
,,,,,,,,,,,,,G93.4,,,,,극희귀질환,극희귀질환
,,,,,,,,,,,,,G93.4,,,,,극희귀질환,극희귀질환
,,,,,,,,,,,,,H16.3,,,,,극희귀질환,극희귀질환
,,,,,,,,,,,,,H35.52,,,,,극희귀질환,극희귀질환
,,,,,,,,,,,,,H49.4,,,,,극희귀질환,극희귀질환
,,,,,,,,,,,,,I42.80,,,,,극희귀질환,극희귀질환
,,,,,,,,,,,,,I47.2,,,,,극희귀질환,극희귀질환
,,,,,,,,,,,,,J39.8,,,,,극희귀질환,극희귀질환
,,,,,,,,,,,,,K00.51,,,,,극희귀질환,극희귀질환
,,,,,,,,,,,,,Q04.2,,,,,극희귀질환,극희귀질환
,,,,,,,,,,,,,Q14.1,,,,,극희귀질환,극희귀질환
,,,,,,,,,,,,,Q14.2,,,,,극희귀질환,극희귀질환
,,,,,,,,,,,,,Q28.2,,,,,극희귀질환,극희귀질환
,,,,,,,,,,,,,Q43.8,,,,,극희귀질환,극희귀질환
,,,,,,,,,,,,,Q44.7,,,,,극희귀질환,극희귀질환
,,,,,,,,,,,,,Q74.0,,,,,극희귀질환,극희귀질환
,,,,,,,,,,,,,Q74.8,,,,,극희귀질환,극희귀질환
,,,,,,,,,,,,,Q76.1,,,,,극희귀질환,극희귀질환
,,,,,,,,,,,,,Q78.5,,,,,극희귀질환,극희귀질환
,,,,,,,,,,,,,Q80.3,,,,,극희귀질환,극희귀질환
,,,,,,,,,,,,,Q81.0,,,,,극희귀질환,극희귀질환
,,,,,,,,,,,,,Q82.0,,,,,극희귀질환,극희귀질환
,,,,,,,,,,,,,Q82.3,,,,,극희귀질환,극희귀질환
,,,,,,,,,,,,,Q82.4,,,,,극희귀질환,극희귀질환
,,,,,,,,,,,,,Q87.5,,,,,극희귀질환,극희귀질환
,,,,,,,,,,,,,Q87.5,,,,,극희귀질환,극희귀질환
,,,,,,,,,,,,,Q87.5,,,,,극희귀질환,극희귀질환
,,,,,,,,,,,,,Q87.5,,,,,극희귀질환,극희귀질환
,,,,,,,,,,,,,Q92.3,,,,,극희귀질환,극희귀질환
,,,,,,,,,,,,,Q92.3,,,,,극희귀질환,극희귀질환
,,,,,,,,,,,,,Q92.3,,,,,극희귀질환,극희귀질환
,,,,,,,,,,,,,Q92.3,,,,,극희귀질환,극희귀질환
,,,,,,,,,,,,,Q92.3,,,,,극희귀질환,기타염색체이상질환
,,,,,,,,,,,,,Q92.3,,,,,극희귀질환,기타염색체이상질환
,,,,,,,,,,,,,Q92.3,,,,,극희귀질환,기타염색체이상질환
,,,,,,,,,,,,,Q92.3,,,,,극희귀질환,기타염색체이상질환
,,,,,,,,,,,,,Q92.8,,,,,극희귀질환,극희귀질환
,,,,,,,,,,,,,Q93.2,,,,,극희귀질환,극희귀질환
,,,,,,,,,,,,,Q93.2,,,,,극희귀질환,기타염색체이상질환
,,,,,,,,,,,,,Q93.2,,,,,극희귀질환,기타염색체이상질환
,,,,,,,,,,,,,Q93.3,,,,,극희귀질환,극희귀질환
,,,,,,,,,,,,,Q93.3,,,,,극희귀질환,극희귀질환
,,,,,,,,,,,,,Q99.8,,,,,극희귀질환,극희귀질환
,,,,,,,,,,,,,Q99.8,,,,,극희귀질환,기타염색체이상질환
,,,,,,,,,,,,,G24.1,,,,,극희귀질환,극희귀질환
,,,,,,,,,,,,,Q89.7,,,,,극희귀질환,극희귀질환
,,,,,,,,,,,,,,,,,,극희귀질환,질병분류코드 및 질환별(1)
,,,,,,,,,,,,,,,,,,극희귀질환,계
,,,,,,,,,,,,,,,,,,극희귀질환,희귀질환
,,,,,,,,,,,,,,,,,,극희귀질환,희귀질환
,,,,,,,,,,,,,,,,,,극희귀질환,희귀질환
,,,,,,,,,,,,,,,,,,극희귀질환,희귀질환
,,,,,,,,,,,,,,,,,,극희귀질환,희귀질환
,,,,,,,,,,,,,,,,,,극희귀질환,희귀질환
,,,,,,,,,,,,,,,,,,극희귀질환,희귀질환
,,,,,,,,,,,,,,,,,,극희귀질환,희귀질환
,,,,,,,,,,,,,,,,,,극희귀질환,희귀질환
,,,,,,,,,,,,,,,,,,극희귀질환,희귀질환
,,,,,,,,,,,,,,,,,,극희귀질환,희귀질환
,,,,,,,,,,,,,,,,,,극희귀질환,희귀질환
,,,,,,,,,,,,,,,,,,극희귀질환,희귀질환
,,,,,,,,,,,,,,,,,,극희귀질환,희귀질환
,,,,,,,,,,,,,,,,,,극희귀질환,희귀질환
,,,,,,,,,,,,,,,,,,극희귀질환,희귀질환
,,,,,,,,,,,,,,,,,,극희귀질환,희귀질환
,,,,,,,,,,,,,,,,,,극희귀질환,희귀질환
,,,,,,,,,,,,,,,,,,극희귀질환,극희귀질환
,,,,,,,,,,,,,,,,,,극희귀질환,극희귀질환
,,,,,,,,,,,,,,,,,,극희귀질환,극희귀질환
,,,,,,,,,,,,,,,,,,극희귀질환,극희귀질환
,,,,,,,,,,,,,,,,,,극희귀질환,극희귀질환
,,,,,,,,,,,,,,,,,,극희귀질환,극희귀질환
,,,,,,,,,,,,,,,,,,극희귀질환,극희귀질환
,,,,,,,,,,,,,,,,,,극희귀질환,극희귀질환
,,,,,,,,,,,,,,,,,,극희귀질환,극희귀질환
,,,,,,,,,,,,,,,,,,극희귀질환,극희귀질환
,,,,,,,,,,,,,,,,,,극희귀질환,극희귀질환
,,,,,,,,,,,,,,,,,,극희귀질환,극희귀질환
,,,,,,,,,,,,,,,,,,극희귀질환,극희귀질환
,,,,,,,,,,,,,,,,,,극희귀질환,극희귀질환
,,,,,,,,,,,,,,,,,,극희귀질환,극희귀질환
,,,,,,,,,,,,,,,,,,극희귀질환,극희귀질환
,,,,,,,,,,,,,,,,,,극희귀질환,극희귀질환
,,,,,,,,,,,,,,,,,,극희귀질환,극희귀질환
,,,,,,,,,,,,,,,,,,극희귀질환,극희귀질환
,,,,,,,,,,,,,,,,,,극희귀질환,극희귀질환
,,,,,,,,,,,,,,,,,,극희귀질환,극희귀질환
,,,,,,,,,,,,,,,,,,극희귀질환,극희귀질환
,,,,,,,,,,,,,,,,,,극희귀질환,극희귀질환
,,,,,,,,,,,,,,,,,,극희귀질환,극희귀질환
,,,,,,,,,,,,,,,,,,극희귀질환,기타염색체이상질환
,,,,,,,,,,,,,N25.8,,,,,극희귀질환,극희귀질환
,,,,,,,,,,,,,Q04.8,,,,,극희귀질환,극희귀질환
,,,,,,,,,,,,,G60.8,,,,,극희귀질환,극희귀질환
,,,,,,,,,,,,,G40.3,,,,,극희귀질환,극희귀질환
,,,,,,,,,,,,,D84.8,,,,,극희귀질환,극희귀질환
,,,,,,,,,,,,,Q13.1,,,,,극희귀질환,극희귀질환
,,,,,,,,,,,,,M89.5,,,,,극희귀질환,극희귀질환
,,,,,,,,,,,,,E78.0,,,,,극희귀질환,극희귀질환
,,,,,,,,,,,,,Q78.8,,,,,극희귀질환,극희귀질환
,,,,,,,,,,,,,H47.0,,,,,극희귀질환,극희귀질환
,,,,,,,,,,,,,E66.2,,,,,극희귀질환,극희귀질환
,,,,,,,,,,,,,Q80.8,,,,,극희귀질환,극희귀질환
,,,,,,,,,,,,,Q33.8,,,,,극희귀질환,극희귀질환
,,,,,,,,,,,,,H47.2,,,,,극희귀질환,극희귀질환
,,,,,,,,,,,,,E20.8,,,,,극희귀질환,극희귀질환
,,,,,,,,,,,,,E77.8,,,,,극희귀질환,극희귀질환
,,,,,,,,,,,,,Q76.3-Q76.4,,,,,극희귀질환,
,,,,,,,,,,,,,E87.1,,,,,극희귀질환,극희귀질환
,,,,,,,,,,,,,Q45.3,,,,,극희귀질환,극희귀질환
,,,,,,,,,,,,,E31.0,,,,,극희귀질환,극희귀질환
,,,,,,,,,,,,,D18.1,,,,,극희귀질환,극희귀질환
,,,,,,,,,,,,,Q92.6,,,,,극희귀질환,극희귀질환
,,,,,,,,,,,,,K86.1,,,,,극희귀질환,극희귀질환
,,,,,,,,,,,,,I89.0,,,,,극희귀질환,극희귀질환
,,,,,,,,,,,,,I67.7,,,,,극희귀질환,극희귀질환
,,,,,,,,,,,,,Q63.8,,,,,극희귀질환,극희귀질환
,,,,,,,,,,,,,Q42.3,,,,,극희귀질환,극희귀질환
,,,,,,,,,,,,,M35.8,,,,,극희귀질환,극희귀질환
,,,,,,,,,,,,,K31.3,,,,,극희귀질환,극희귀질환
,,,,,,,,,,,,,J84.18,,,,,극희귀질환,극희귀질환
,,,,,,,,,,,,,D18.08,,,,,극희귀질환,극희귀질환
,,,,,,,,,,,,,E88.8,,,,,극희귀질환,극희귀질환
,,,,,,,,,,,,,Q16.5,,,,,극희귀질환,극희귀질환
,,,,,,,,,,,,,Q92.1,,,,,기타염색체이상질환,기타염색체이상질환
,,,,,,,,,,,,,Q92.2,,,,,기타염색체이상질환,기타염색체이상질환
,,,,,,,,,,,,,Q92.7,,,,,기타염색체이상질환,기타염색체이상질환
,,,,,,,,,,,,,Q93.7,,,,,기타염색체이상질환,기타염색체이상질환
